"gcm","scenario","proj.year","Tmax01","Tmax02","Tmax03","Tmax04","Tmax05","Tmax06","Tmax07","Tmax08","Tmax09","Tmax10","Tmax11","Tmax12","Tmin01","Tmin02","Tmin03","Tmin04","Tmin05","Tmin06","Tmin07","Tmin08","Tmin09","Tmin10","Tmin11","Tmin12","PPT01","PPT02","PPT03","PPT04","PPT05","PPT06","PPT07","PPT08","PPT09","PPT10","PPT11","PPT12","Tmax_wt","Tmax_sp","Tmax_sm","Tmax_at","Tmin_wt","Tmin_sp","Tmin_sm","Tmin_at","PPT_wt","PPT_sp","PPT_sm","PPT_at"
"obs",NA,1975,0,0,0,0,0,0,0,0,0,0,0,0,0,0,0,0,0,0,0,0,0,0,0,0,0,0,0,0,0,0,0,0,0,0,0,0,0,0,0,0,0,0,0,0,0,0,0,0
"obs",NA,2010,2.00190422625743,0.995456371524988,0.953346456692913,0.743174513900048,0.597248111843162,0.593652579141893,0.529419090470834,0.53794391772457,1.04407440141411,0.616370721516953,1.10990679736462,1.54388558573036,2.60333440462799,1.43973164068777,1.14529969468102,0.748360919170818,0.746404467298731,0.911935561626225,0.953631688896031,0.963642937489957,1.15795034549253,1.25773340832396,1.39718785151856,2.15404145910333,0.0534645321564099,0.172603800117449,0.0731431864160807,0.160873943496414,0.0487066104602632,0.097676580607803,0.0471692910154561,0.0166953368345256,0.0206548043092489,0.0907925306811708,0.0194156770469235,0.0461733012993525,1.51374872783759,0.764589694145375,0.553671862445766,0.923450640098559,2.06570250147303,0.880021693716857,0.943070062670738,1.27095720177835,0.0799608166672351,0.0811775883349732,0.048209951110473,0.0357190103186994
